id,sp,bc,tgt
Nme2_A001,GGAGTTTTCTCTTAGGCTTCTCTC,CGGAGAAGAAGAA,GGAGTTTTCTCTTAGGCTTCTCTC
Nme2_A002,GCGCAAAGCTGCATCCACCCCCCG,GAAGACGGAAGAA,CCGCAAAGCTGCATCCACCCCCCG
Nme2_A003,GATGTTCCAGCTTCCTGGGTCTGC,ACTCCGCGAAGAA,TATGTTCCAGCTTCCTGGGTCTGC
Nme2_A004,GGCAAGAGCACAAGAGGAAGAGAG,TGCTTGGCAAGAA,AGCAAGAGCACAAGAGGAAGAGAG
Nme2_A005,GCCCTCATCTCCAATATGGTATGG,GCCAAGAAGAGAA,ACCCTCATCTCCAATATGGTATGG
Nme2_A006,GTTCCCCTTCATTGCGGCGGGCTG,ATGGCAGAGAGAA,CTTCCCCTTCATTGCGGCGGGCTG
Nme2_A007,GAGGCAAGAGGGCGGCTTTGGGCG,TGACGCCAGAGAA,GAGGCAAGAGGGCGGCTTTGGGCG
Nme2_A008,GACCAGCCCCTCGAAGGCAAGGCC,CACTCTTGGAGAA,GACCAGCCCCTCGAAGGCAAGGCC
Nme2_A009,GGAGTCGCCAGAGGCCGGTGGTGG,CCTGTCTACAGAA,GGAGTCGCCAGAGGCCGGTGGTGG
Nme2_A010,GTGTGTCCCTCTCCCCACCCGTCC,ATCCGTACCAGAA,GTGTGTCCCTCTCCCCACCCGTCC
Nme2_A011,GCGCCTCCCTGCAGGGCTGCTCCC,GGTACTGTCAGAA,GCGCCTCCCTGCAGGGCTGCTCCC
Nme2_A012,GCATGGGCAGGGGCTGGGGTGCAC,CTGTAGCTCAGAA,GCATGGGCAGGGGCTGGGGTGCAC
Nme2_A013,GCTCACTCACCCACACAGACACAC,GAGCTACCTAGAA,ACTCACTCACCCACACAGACACAC
Nme2_A014,GAATATCAGGAGACTAGGAAGGAG,GCTTGAGAAGGAA,CAATATCAGGAGACTAGGAAGGAG
Nme2_A015,GAATGGCAGGCGGAGGTTGTACTG,AGCGATCAAGGAA,GAATGGCAGGCGGAGGTTGTACTG
Nme2_A016,GAGGAAGGGAACATATTACTATTG,TTGCTCTGAGGAA,AAGGAAGGGAACATATTACTATTG
Nme2_A017,GGCCCAAATGAAAGGAGTGAGAGG,CTAGCGACAGGAA,TGCCCAAATGAAAGGAGTGAGAGG
Nme2_A018,GATTCCAGCCAGACACCCGCCCCC,AAGAGGTACGGAA,GATTCCAGCCAGACACCCGCCCCC
Nme2_A019,GATCTGTCCCCTCCACCCCACAGT,TCCTCCATCGGAA,TATCTGTCCCCTCCACCCCACAGT
Nme2_A020,GAAAATTGTGATTTCCAGATCCAC,CCAATTGGTGGAA,AAAAATTGTGATTTCCAGATCCAC
Nme2_A021,GTGGAGTGGCCTGCTATCAGCTAC,GCGGTTATACGAA,GTGGAGTGGCCTGCTATCAGCTAC
Nme2_A022,GATCCTGGAGTGACCCCTGGCCTT,AGTTACAGGCGAA,AATCCTGGAGTGACCCCTGGCCTT
Nme2_A023,GTACCCTCCAATAATTTGGCTGGC,TAGAATGCGCGAA,ATACCCTCCAATAATTTGGCTGGC
Nme2_A024,GCTACAACCCAATCCCCTCCGCCC,CATGGACTGCGAA,CCTACAACCCAATCCCCTCCGCCC
Nme2_A025,GCAGGGGCCAGGTGTCCTTCTCTG,GTACTGGACCGAA,GCAGGGGCCAGGTGTCCTTCTCTG
Nme2_A026,GGGGGCGCATGGCTCCGCCCCGCC,TGAGCATGCCGAA,GGGGGCGCATGGCTCCGCCCCGCC
Nme2_A027,GATGGAACAAACTGACTGAAGGCG,TTCAGGCGTCGAA,CATGGAACAAACTGACTGAAGGCG
Nme2_A028,GATAATTTGGCTGGCAATTCCGAG,CCACAATCGTGAA,AATAATTTGGCTGGCAATTCCGAG
Nme2_A029,GCTCAGTTTTCCTGGATTATGCCT,AACCTCGTGTGAA,TCTCAGTTTTCCTGGATTATGCCT
Nme2_A030,GAATGGCCGGGACTCCTGGGAGCA,GCAAGTCCAACAA,CAATGGCCGGGACTCCTGGGAGCA
Nme2_A031,GATGGCCGGGACTCCTGGGAGCAC,CTTCGCGTAACAA,AATGGCCGGGACTCCTGGGAGCAC
Nme2_A032,GGTCCCAGGCTGTGCTCCTGGCGG,TAGGTGAGGACAA,TGTCCCAGGCTGTGCTCCTGGCGG
Nme2_A033,GCCAGACCTGTAGGGCAGCAGGTG,ACCTAAGGCACAA,CCCAGACCTGTAGGGCAGCAGGTG
Nme2_A034,GCCAGGCTGTGCTCCTGGCGGACA,CCGCCTAATACAA,CCCAGGCTGTGCTCCTGGCGGACA
Nme2_A035,GGGCAGAGGAGGAGCAGACGATGA,GGCGGATATACAA,AGGCAGAGGAGGAGCAGACGATGA
Nme2_A036,GGGGCCAGCCTCAGACACAAATAC,GGTAAGTGAGCAA,AGGGCCAGCCTCAGACACAAATAC
Nme2_A037,GTCACAGAAACACTCACCGTAGGG,AAGTCCGCAGCAA,GTCACAGAAACACTCACCGTAGGG
Nme2_A038,GCTGCTCTCACCGGGAGGGGCTCC,TACACACAGGCAA,TCTGCTCTCACCGGGAGGGGCTCC
Nme2_A039,GTGGTTTCTGCTCTCACCGGGAGG,GGATTAACGGCAA,GTGGTTTCTGCTCTCACCGGGAGG
Nme2_A040,GTTCACTTCCTGCCGGGGCGTTTG,ACAGGCTTGGCAA,TTTCACTTCCTGCCGGGGCGTTTG
Nme2_A041,GGCTTTCAGCCCCGTTTCTTGGGA,GTGGACAACGCAA,GGCTTTCAGCCCCGTTTCTTGGGA
Nme2_A042,GTGCACTTCTTGATGGGGAGTACG,TGGCAAGTTGCAA,TTGCACTTCTTGATGGGGAGTACG
Nme2_A043,GATGGGTCCACCCACCTGGGCTCC,TCTTCGTCGCCAA,GATGGGTCCACCCACCTGGGCTCC
Nme2_A044,GGAGGAGATGGGTCCACCCACCTG,GTCCATCTGCCAA,AGAGGAGATGGGTCCACCCACCTG
Nme2_A045,GAGCTAACAGTTGCTTTTATCACA,AGGTTGCATCCAA,AAGCTAACAGTTGCTTTTATCACA
Nme2_A046,GTTATCACAGGCTCCAGGAAGGGT,CACATCACTCCAA,TTTATCACAGGCTCCAGGAAGGGT
Nme2_A047,GGCACTTTTCTTAAAGGAAAGTAA,TTCGCTGGATCAA,TGCACTTTTCTTAAAGGAAAGTAA
Nme2_A048,GGCACAACACCCACCTGCTGTATT,CGATGTGACTCAA,AGCACAACACCCACCTGCTGTATT
Nme2_A049,GGGGAAGCATTAAAaGACTGACTG,GATCGAAGCTCAA,GGGGAAGCATTAAAaGACTGACTG
Nme2_A050,GAaGACTGACTGAAGGCCTGCATG,GTGTGCTCGATAA,AAaGACTGACTGAAGGCCTGCATG
Nme2_A051,GGCATGGGGCCAGGATCCGTGGAG,CATCAGGAGGTAA,TGCATGGGGCCAGGATCCGTGGAG
Nme2_A052,GTGCTGGTGTCTAGGAGATACACC,CGGATCCTGGTAA,ATGCTGGTGTCTAGGAGATACACC
Nme2_A053,GTACTTACAGGCTCCAATAGTGGT,GAATCGCGCGTAA,ATACTTACAGGCTCCAATAGTGGT
Nme2_A054,GGAATGGGATCCAGTATACTTACA,TCTGACCGTGTAA,AGAATGGGATCCAGTATACTTACA
Nme2_A055,GACaAGAAAGGGACTGAAGCTGCT,AGACGAGCACTAA,GACaAGAAAGGGACTGAAGCTGCT
Nme2_A056,GCAGACTTCTCCaCAGGAGTCAGA,TACGGCGACCTAA,GCAGACTTCTCCaCAGGAGTCAGA
Nme2_A057,GTTGGAGCGGGGAGAAGGCCAGGG,CCAAGGATCCTAA,GTTGGAGCGGGGAGAAGGCCAGGG
Nme2_A058,GGCACAACCAGTGGAGGCAAGAGG,CGCCTGTGCTTAA,TGCACAACCAGTGGAGGCAAGAGG
Nme2_A059,GGAAATGGCACACACATCCCTCGT,ACGGCTTCCTTAA,GGAAATGGCACACACATCCCTCGT
Nme2_A060,GGGCGCAAAGCAGGAGGAGTCAGG,CGTTGGAAGAAGA,CGGCGCAAAGCAGGAGGAGTCAGG
Nme2_A061,GGCAATGGCCGGGACTCCTGGGAG,GAGATCGAGAAGA,GGCAATGGCCGGGACTCCTGGGAG
Nme2_A062,GCCTCATCTCCAATATGGTATGGC,GCAGCAAGGAAGA,CCCTCATCTCCAATATGGTATGGC
Nme2_A063,GTGGAGGATGAAACAATGTCTTTG,TTCTACCGGAAGA,ATGGAGGATGAAACAATGTCTTTG
Nme2_A064,GGGGTGGGGTCAGACGTCCAAAAC,ACTCATGCGAAGA,GGGGTGGGGTCAGACGTCCAAAAC
Nme2_A065,GTGGTGGTAGAGGGAGCAGTATGA,AGCCTACACAAGA,ATGGTGGTAGAGGGAGCAGTATGA
Nme2_A066,GGGGTCTGAGGGTGGAGGGACTGG,TAACGGTGCAAGA,TGGGTCTGAGGGTGGAGGGACTGG
Nme2_A067,GCTCTGACCTGCATTCTCTCCCCT,CTGACATCCAAGA,TCTCTGACCTGCATTCTCTCCCCT
Nme2_A068,GACCAAGACGGTGACCAGACTCAA,CACGGTCCTAAGA,AACCAAGACGGTGACCAGACTCAA
Nme2_A069,GCTGCATCCACCCCCCGAGGACCA,TCCACGGTTAAGA,GCTGCATCCACCCCCCGAGGACCA
Nme2_A070,GCCATGCCTATGTTCCAGCTTCCT,ACAGTGGAAGAGA,CCCATGCCTATGTTCCAGCTTCCT
Nme2_A071,GTCCCAGGCTGTGCTCCTGGCGGA,GTGCGTCAAGAGA,GTCCCAGGCTGTGCTCCTGGCGGA
Nme2_A072,GGTTTCTGCTCTCACCGGGAGGGG,CGACACAGAGAGA,GGTTTCTGCTCTCACCGGGAGGGG
Nme2_A073,GCTTTCAGCCCCGTTTCTTGGGAA,TGTGCACCAGAGA,GCTTTCAGCCCCGTTTCTTGGGAA
Nme2_A074,GCTTGCACTTCTTGATGGGGAGTA,AAGCCGATGGAGA,TCTTGCACTTCTTGATGGGGAGTA
Nme2_A075,GGGTCCACCCACCTGGGCTCCTGA,GTCATGAGCGAGA,GGGTCCACCCACCTGGGCTCCTGA
Nme2_A076,GAGGAGATGGGTCCACCCACCTGG,GATTACTCCGAGA,GAGGAGATGGGTCCACCCACCTGG
Nme2_A077,GTATCACAGGCTCCAGGAAGGGTT,AGGTGATGTGAGA,TTATCACAGGCTCCAGGAAGGGTT
Nme2_A078,GTAAAAGCAACTGTTAGCTTGCAC,CACTCAGAACAGA,ATAAAAGCAACTGTTAGCTTGCAC
Nme2_A079,GTGTGATAAAAGCAACTGTTAGCT,AATAGCCGACAGA,CTGTGATAAAAGCAACTGTTAGCT
Nme2_A080,GGGAGCCTGTGATAAAAGCAACTG,TGAGGTGTGCAGA,TGGAGCCTGTGATAAAAGCAACTG
Nme2_A081,GACACCCACCTGCTGTATTATCTC,GTTGCGTATCAGA,AACACCCACCTGCTGTATTATCTC
Nme2_A082,GCAGCACAACACCCACCTGCTGTA,GCACTCCTTCAGA,ACAGCACAACACCCACCTGCTGTA
Nme2_A083,GGGAAGCATTAAAaGACTGACTGA,TCGTGCACATAGA,GGGAAGCATTAAAaGACTGACTGA
Nme2_A084,GGCACCTTGGCGCAGCGGTGGAAG,CCTTCTCGCTAGA,CGCACCTTGGCGCAGCGGTGGAAG
Nme2_A085,GCATGGGGCCAGGATCCGTGGAGG,ATAATGCCGAGGA,GCATGGGGCCAGGATCCGTGGAGG
Nme2_A086,GTGACCATCGACaAGAAAGGGACT,AACCAGTCACGGA,CTGACCATCGACaAGAAAGGGACT
Nme2_A087,GCCATCGACaAGAAAGGGACTGAA,GGCATATTGCGGA,ACCATCGACaAGAAAGGGACTGAA
Nme2_A088,GCGCTCCGGCCCACGGCGCTCAAC,CAAGATAACCGGA,CCGCTCCGGCCCACGGCGCTCAAC
Nme2_A089,GGGGGTAGAAATGGAGAGGGTCCC,TGGACCAATCGGA,AGGGGTAGAAATGGAGAGGGTCCC
Nme2_A090,GCCTGCGGAACCGCTTCTTCGGCC,CTTCTAAGTCGGA,TCCTGCGGAACCGCTTCTTCGGCC
Nme2_A091,GCTCTCTCTTAATGACACGGGCAT,CTCAGCTAATGGA,TCTCTCTCTTAATGACACGGGCAT
Nme2_A092,GTGACAAGTGTGATCACTTGGGTG,GGATCTTCATGGA,GTGACAAGTGTGATCACTTGGGTG
Nme2_A093,GAATGAGAGCTGCAGGTGTAATGA,CGTGAGGTATGGA,AAATGAGAGCTGCAGGTGTAATGA
Nme2_A094,GTCATTTTCCATACAGTCAGTATC,TAGTTAGGCTGGA,CTCATTTTCCATACAGTCAGTATC
Nme2_A095,GCGGCAGGACCAGCCCCAAGATGA,AGCGCCATAACGA,GCGGCAGGACCAGCCCCAAGATGA
Nme2_A096,GTGATCCTGGTGCTGCAGCTTCCT,TGTCTCTCTACGA,CTGATCCTGGTGCTGCAGCTTCCT
Nme2_A097,GATGGGGGTGTGTCACCAGATAAG,GTAACAGTAGCGA,AATGGGGGTGTGTCACCAGATAAG
Nme2_A098,GCCATCCTTAGGCCTCCTCCTTCC,TCTAGTAACGCGA,CCCATCCTTAGGCCTCCTCCTTCC
Nme2_A099,GTCACCAATCCTGTCCCTAGTGGC,CCATAACATGCGA,GTCACCAATCCTGTCCCTAGTGGC
Nme2_A100,GCCGCTGGCCCCCCACCGCCCCAA,CTGTATTGACCGA,GCCGCTGGCCCCCCACCGCCCCAA
Nme2_A101,GTCTGCCTAACAGGAGGTGGGGGT,ATAGACGCTCCGA,ATCTGCCTAACAGGAGGTGGGGGT
Nme2_A102,GTCCTGGAGTGACCCCTGGCCTTC,GACTGGCTATCGA,ATCCTGGAGTGACCCCTGGCCTTC
Nme2_A103,GCTGGGTGAATGGAGCGAGCAGCG,GGTGTTCAGTCGA,GCTGGGTGAATGGAGCGAGCAGCG
Nme2_A104,GTGCTCCCCAGCCCAAACCGCCGC,AGGAAGACCTCGA,CTGCTCCCCAGCCCAAACCGCCGC
Nme2_A106,GCGTTGGAGCGGGGAGAAGGCCAG,TCGCCATTACTGA,GCGTTGGAGCGGGGAGAAGGCCAG
Nme2_A107,GGTCTCCGCTTTAACCCCCACCTC,ACCTGTCAGCTGA,AGTCTCCGCTTTAACCCCCACCTC
Nme2_A108,GGGTGTGCAGACGGCAGTCACTAG,CATGCCACGTTGA,GGGTGTGCAGACGGCAGTCACTAG
Nme2_A109,GACCCAGGGGTAGAAATGGAGAGG,ATAGGACGCTTGA,GACCCAGGGGTAGAAATGGAGAGG
Nme2_A110,GCGAATGGGGCCATGCCGACCAAA,AGGACTCGGAACA,GCGAATGGGGCCATGCCGACCAAA
Nme2_A111,GGCAGATCCCACAGGCGCCCTGGC,CTCGTGTTGAACA,TGCAGATCCCACAGGCGCCCTGGC
Nme2_A112,GGATATGGTCCAGTAGATATTGAA,CGAGCCGATAACA,AGATATGGTCCAGTAGATATTGAA
Nme2_A113,GGCTGCAGAAGGGATTCCATGAGG,CTCAATGCAGACA,TGCTGCAGAAGGGATTCCATGAGG
Nme2_A114,GTGCCGACCAAAGCGCCGATGGAT,TCGGAATAGGACA,ATGCCGACCAAAGCGCCGATGGAT
Nme2_A115,GGCGGCCGGATATCAGCTGCCACG,ATTCCAGGCGACA,AGCGGCCGGATATCAGCTGCCACG
Nme2_A116,GTCCCCAGCCCAAACCGCCGCGGC,TGGCTTACCGACA,CTCCCCAGCCCAAACCGCCGCGGC
Nme2_A117,GCTACCAGCCCCCACTGGCCCTCA,TTAAGCCTCGACA,TCTACCAGCCCCCACTGGCCCTCA
Nme2_A118,GGACTGACTGGATGTGCACAGCAG,GGCTGTAGACACA,AGACTGACTGGATGTGCACAGCAG
Nme2_A119,GGCTGCACAACCAGTGGAGGCAAG,CAATAGCCGCACA,GGCTGCACAACCAGTGGAGGCAAG
Nme2_A120,GGCATCCACCCCCCGAGGACCAGC,TGTAAGGACCACA,TGCATCCACCCCCCGAGGACCAGC
Nme2_A121,GTTCTCCTGTCCCAGGCTGTGCTC,ACTGGAACTCACA,ATTCTCCTGTCCCAGGCTGTGCTC
Nme2_A122,GTGGGTCCACCCACCTGGGCTCCT,GATCTGGCATACA,ATGGGTCCACCCACCTGGGCTCCT
Nme2_A123,GCGTGTTCCCCGAGGCCATGAACC,GCTACCTTGTACA,TCGTGTTCCCCGAGGCCATGAACC
Nme2_A124,GTGAACCACCCCGCGCTGACCGTG,AACGACAGCTACA,ATGAACCACCCCGCGCTGACCGTG
Nme2_A125,GTTCCAGGGTGAGTGTCCACGCTG,CCGAGGCATTACA,CTTCCAGGGTGAGTGTCCACGCTG
Nme2_A126,GAGGGCCAGTGGGGGCTGGTAGAG,GTCTCACCTTACA,GAGGGCCAGTGGGGGCTGGTAGAG
Nme2_A127,GCCCCACCCCAGGCTCCCAGGCCC,ACGAACTCTAGCA,ACCCCACCCCAGGCTCCCAGGCCC
Nme2_A128,GGGAGGGAACACCATTCACAAAGG,TAACCTGAAGGCA,GGGAGGGAACACCATTCACAAAGG
Nme2_A129,GCACACTTGTCACCACCCCAAAGG,GATGGTTGTGGCA,TCACACTTGTCACCACCCCAAAGG
Nme2_A130,GTGATCACTTGGGTGGTGGCTGTG,AATTCGGTTCGCA,GTGATCACTTGGGTGGTGGCTGTG
Nme2_A131,GGGAATCCTAAAAACTCTGCTTCG,TTGCGAATGTGCA,GGGAATCCTAAAAACTCTGCTTCG
Nme2_A132,GCATCAACCCCATCATCTATGCCT,CTATTCAGCACCA,GCATCAACCCCATCATCTATGCCT
Nme2_A133,GGTCTTCTTCCAAAAGCACATTGC,AAGGTACTCGCCA,AGTCTTCTTCCAAAAGCACATTGC
Nme2_A134,GCTGTTCTATTTTCCAGCAAGAGG,ATACGGAATGCCA,GCTGTTCTATTTTCCAGCAAGAGG
Nme2_A135,GACAGATATTTCCTGCTCCCCAGT,CGTCCATAATCCA,CACAGATATTTCCTGCTCCCCAGT
Nme2_A136,GGCAGGAAATATCTGTGGGCTTGT,AACAGTTCGTCCA,AGCAGGAAATATCTGTGGGCTTGT
Nme2_A137,GGAGTCCAGGCCCCAGCCCCTCCT,TCCTTCGATTCCA,CGAGTCCAGGCCCCAGCCCCTCCT
Nme2_A138,GAGGGGCTGGGGCCTGGACTCCTG,GTGCAGAGAATCA,GAGGGGCTGGGGCCTGGACTCCTG
Nme2_A139,GGAAGCTGCAGCACCAGGATCAGT,CCGGTAGCAATCA,GGAAGCTGCAGCACCAGGATCAGT
Nme2_A140,GAGCAGCTCAGGTTCTGGGAGAGG,GCATATGTGGTCA,GAGCAGCTCAGGTTCTGGGAGAGG
Nme2_A141,GCTTGCCAGAACCTCTAAGGTTTG,CACTGAACCGTCA,CCTTGCCAGAACCTCTAAGGTTTG
Nme2_A142,GTGCTGTCCTGAAGTGGACATAGG,TGAACGTCTGTCA,ATGCTGTCCTGAAGTGGACATAGG
Nme2_A143,GCCCAAATGAAAGGAGTGAGAGGT,TCAATACGGCTCA,GCCCAAATGAAAGGAGTGAGAGGT
Nme2_A144,GTGGCCCCCCACCGCCCCAAGGAT,CTGGCTCTTCTCA,CTGGCCCCCCACCGCCCCAAGGAT
Nme2_A145,GCAGTGGAGGCAAGAGGGCGGCTT,TGCCACCTATTCA,CCAGTGGAGGCAAGAGGGCGGCTT
Nme2_A146,GAGGGCGGCTTTGGGCGGGGTCCA,GCGCGAGTCAATA,GAGGGCGGCTTTGGGCGGGGTCCA
Nme2_A147,GAAGTTCGCTAATCCCGGAACTGG,CAGGCGTGATATA,GAAGTTCGCTAATCCCGGAACTGG
Nme2_A148,GCGCCCGGGGAGGTCCTGGCCTTG,GACAACCTTGGTA,CCGCCCGGGGAGGTCCTGGCCTTG
Nme2_A149,GCGAAGGCAAGGCCAGGACCTCCC,CGTATTCCACGTA,TCGAAGGCAAGGCCAGGACCTCCC
Nme2_A150,GGCCAGGACCTCCCCGGGCGGCTG,GCATAGTGTCGTA,GGCCAGGACCTCCCCGGGCGGCTG
Nme2_A151,GGGTCCAAAGCAGGATGACAGGCA,ACCACAGCATGTA,GGGTCCAAAGCAGGATGACAGGCA
Nme2_A152,GGATTGCGTACTTCGAAAAGGTAG,TCAGCGCTGTGTA,TGATTGCGTACTTCGAAAAGGTAG
Nme2_A153,GGCCAGGGCTGGAGAAGCAGAAAA,CTCTCGTACGCTA,GGCCAGGGCTGGAGAAGCAGAAAA
Nme2_A154,GAGACTTCTCCaCAGGAGTCAGAT,CCTGTGATTGCTA,CAGACTTCTCCaCAGGAGTCAGAT
Nme2_A155,GTGTTAGCAGACCCAGATAGACAG,GAACGCTAACCTA,CTGTTAGCAGACCCAGATAGACAG
Nme2_A156,GGACCCTAGCCTAATGCCCCCTGC,TATCCTCGTCCTA,GGACCCTAGCCTAATGCCCCCTGC
Nme2_A157,GTGGCTACAGCAACAGGGTGGTGG,ACGCACCAGTCTA,TTGGCTACAGCAACAGGGTGGTGG
Nme2_A158,GAGAGCACAAGAGGAAGAGAGAGA,TGAGGCAGTTCTA,AAGAGCACAAGAGGAAGAGAGAGA
Nme2_A159,GTGCCCTGCCCACACCCCCACTCC,GCCGTTCGCATTA,CTGCCCTGCCCACACCCCCACTCC
Nme2_A160,GTTCGAGGACCATGAGATAGAAGG,GCTCCTACAGTTA,CTTCGAGGACCATGAGATAGAAGG
Nme2_A161,GCTGCAGTTAGGGAATAAGCCCCA,AGTGTCGCCGTTA,TCTGCAGTTAGGGAATAAGCCCCA
Nme2_A162,GTCAGCATAGGGTGGCAAAGCCCA,ATCGCGAGGCTTA,GTCAGCATAGGGTGGCAAAGCCCA
Nme2_A163,GGTAAGACGAATTGTAGAAAGGAG,TTGACGGAAGAAG,TGTAAGACGAATTGTAGAAAGGAG
Nme2_A164,GGCAGCGCAAAGTGACAATGGCCA,CAAGGCCAAGAAG,GGCAGCGCAAAGTGACAATGGCCA
Nme2_A165,GTCTGTCCCCTCCACCCCACAGTG,TCCGTAAGAGAAG,ATCTGTCCCCTCCACCCCACAGTG
Nme2_A166,GGCAAAGCTGCATCCACCCCCCGA,GGCTACGTAGAAG,CGCAAAGCTGCATCCACCCCCCGA
Nme2_A167,GGGCAAGAGGGCGGCTTTGGGCGG,ATCCGATAGGAAG,AGGCAAGAGGGCGGCTTTGGGCGG
Nme2_A168,GCCTGTCCCAGGCTGTGCTCCTGG,GATAGGACGGAAG,TCCTGTCCCAGGCTGTGCTCCTGG
Nme2_A169,GCAGACCTGTAGGGCAGCAGGTGA,ACATCTCCGGAAG,CCAGACCTGTAGGGCAGCAGGTGA
Nme2_A170,GCACTCACCGTAGGGCCAGCCTCA,CAGTATAGCGAAG,ACACTCACCGTAGGGCCAGCCTCA
Nme2_A171,GAACACTCACCGTAGGGCCAGCCT,AGAATCTGCGAAG,AAACACTCACCGTAGGGCCAGCCT
Nme2_A172,GCTTAAGCTTCCATGTCCAGCCTT,GTTGTTCTCGAAG,GCTTAAGCTTCCATGTCCAGCCTT
Nme2_A173,GTCACTTCCTGCCGGGGCGTTTGA,CCTCTTGAACAAG,TTCACTTCCTGCCGGGGCGTTTGA
Nme2_A174,GAGTGCAAGCTAACAGTTGCTTTT,GTACCACGACAAG,TAGTGCAAGCTAACAGTTGCTTTT
Nme2_A175,GGCTAACAGTTGCTTTTATCACAG,ACGTGGTTACAAG,AGCTAACAGTTGCTTTTATCACAG
Nme2_A176,GCCTGTGATAAAAGCAACTGTTAG,ATGGTCACGCAAG,GCCTGTGATAAAAGCAACTGTTAG
Nme2_A177,GCACTTTTCTTAAAGGAAAGTAAT,CGCACTATGCAAG,GCACTTTTCTTAAAGGAAAGTAAT
Nme2_A178,GACCCACCTGCTGTATTATCTCCA,GAGGAAGATCAAG,CACCCACCTGCTGTATTATCTCCA
Nme2_A179,GCACAACACCCACCTGCTGTATTA,TGACAGACTCAAG,GCACAACACCCACCTGCTGTATTA
Nme2_A180,GAGCATTAAAaGACTGACTGAAGG,CGGTTACCATAAG,AAGCATTAAAaGACTGACTGAAGG
Nme2_A181,GaGACTGACTGAAGGCCTGCATGG,AGTGCGAACTAAG,AaGACTGACTGAAGGCCTGCATGG
Nme2_A182,GACTTACAGGCTCCAATAGTGGTC,TCCAACCACTAAG,TACTTACAGGCTCCAATAGTGGTC
Nme2_A183,GAGTATACTTACAGGCTCCAATAG,CATACCGGTTAAG,CAGTATACTTACAGGCTCCAATAG
Nme2_A184,GAATGGGATCCAGTATACTTACAG,CAACCAATCAGAG,GAATGGGATCCAGTATACTTACAG
Nme2_A185,GGCCTCGCACAGCTCCCGCGGCTG,TCAGGAGCTAGAG,TGCCTCGCACAGCTCCCGCGGCTG
Nme2_A186,GGCGCACCAGCTGGGCGCCTCCCC,TGTCGTATAGGAG,GGCGCACCAGCTGGGCGCCTCCCC
Nme2_A187,GTCGGCCACCGCTTCCAGGGTGAG,GTATCCTATGGAG,TTCGGCCACCGCTTCCAGGGTGAG
Nme2_A188,GTCTGGGGCTGGAGCTGGATGCCC,CTCGATTCTCGAG,CTCTGGGGCTGGAGCTGGATGCCC
Nme2_A189,GTTTGCTCTACCAGCCCCCACTGG,GACGTGTAATGAG,GTTTGCTCTACCAGCCCCCACTGG
Nme2_A190,GCCCAAGTGATCACACTTGTCACC,GTAGGTAGGTGAG,ACCCAAGTGATCACACTTGTCACC
Nme2_A191,GGGGTGGTGGCTGTGTTTGCGTCT,ACGTCAAGTTGAG,TGGGTGGTGGCTGTGTTTGCGTCT
Nme2_A192,GCTCCCAGGAATCATCTTTACCAG,ATGAACCGAACAG,TCTCCCAGGAATCATCTTTACCAG
Nme2_A193,GACTATCTTTAATGTCTGGAAATT,ACTATGGTGACAG,GACTATCTTTAATGTCTGGAAATT
Nme2_A194,GGCTGGTCCTGCCGCTGCTTGTCA,TATTGGCACACAG,GGCTGGTCCTGCCGCTGCTTGTCA
Nme2_A195,GAGGCCCCAGCCCCTCCTCCCTCG,GCTTACACTACAG,CAGGCCCCAGCCCCTCCTCCCTCG
Nme2_A196,GGGCCCCCAGTCCCTCCACCCTCA,CAATGATGTCCAG,AGGCCCCCAGTCCCTCCACCCTCA
Nme2_A197,GTCAGTGAAACGCACCAGACGGCC,GTCATAGCCTCAG,ATCAGTGAAACGCACCAGACGGCC
Nme2_A198,GAGGTTCTGGCAAGGAGAGAGATG,TTGCGTCCTTCAG,GAGGTTCTGGCAAGGAGAGAGATG
Nme2_A199,GGGAACTGCCGCTGGCCCCCCACC,AACGCACCAATAG,GGGAACTGCCGCTGGCCCCCCACC
Nme2_A200,GCAGCGACTCCTGGAAGTGGCCAA,CGTGAATGGATAG,ACAGCGACTCCTGGAAGTGGCCAA
